Date,Description,Montant,Informations complémentaires
28/12/2025,"UBER EATS PARIS","9,27",""
22/12/2025,"AMZN DIGITAL","123,08",""
14/12/2025,"PRELEVEMENT RECU - MERCI","-600,00",""
14/12/2025,"AMZN MKTP FR*2K4L99","115,28",""
12/12/2025,"AMAZON EU SARL","54,67",""
07/12/2025,"FNAC PARIS","72,97",""
03/12/2025,"SPOTIFY STOCKHOLM","11,12",""
02/12/2025,"FNAC PARIS","143,18",""
28/11/2025,"AMZN MKTP FR*2K4L99","34,63",""
26/11/2025,"AMZN MKTP FR*2K4L99","12,98",""
25/11/2025,"FNAC PARIS","12,58",""
14/11/2025,"PRELEVEMENT RECU - MERCI","-600,00",""
12/11/2025,"AMAZON EU SARL","116,99",""
03/11/2025,"SPOTIFY STOCKHOLM","11,12",""
30/10/2025,"AMAZON EU SARL","148,66",""
29/10/2025,"UBER EATS PARIS","126,44",""
26/10/2025,"RESTAURANT LE PETIT ZINC","126,39",""
24/10/2025,"UBER EATS PARIS","72,46",""
15/10/2025,"SNCF VOYAGEURS","30,71",""
14/10/2025,"PRELEVEMENT RECU - MERCI","-600,00",""
08/10/2025,"AMAZON EU SARL","29,74",""
06/10/2025,"AMZN DIGITAL","40,08",""
03/10/2025,"SPOTIFY STOCKHOLM","11,12",""
24/09/2025,"UBER EATS PARIS","80,86",""
23/09/2025,"AMZN MKTP FR*2K4L99","56,63",""
18/09/2025,"UBER EATS PARIS","100,64",""
17/09/2025,"FNAC PARIS","139,60",""
14/09/2025,"PRELEVEMENT RECU - MERCI","-600,00",""
13/09/2025,"UBER EATS PARIS","76,20",""
12/09/2025,"AMZN MKTP FR*2K4L99","85,11",""
08/09/2025,"SNCF VOYAGEURS","67,98",""
03/09/2025,"SPOTIFY STOCKHOLM","11,12",""
03/09/2025,"FNAC PARIS","118,64",""
31/08/2025,"UBER EATS PARIS","138,59",""
30/08/2025,"AMZN MKTP FR*2K4L99","46,31",""
14/08/2025,"PRELEVEMENT RECU - MERCI","-600,00",""
14/08/2025,"AMZN MKTP FR*2K4L99","104,73",""
11/08/2025,"UBER EATS PARIS","124,68",""
06/08/2025,"FNAC PARIS","83,94",""
03/08/2025,"SPOTIFY STOCKHOLM","11,12",""
03/08/2025,"UBER EATS PARIS","83,65",""
31/07/2025,"SNCF VOYAGEURS","139,47",""
27/07/2025,"FNAC PARIS","23,03",""
25/07/2025,"UBER EATS PARIS","119,67",""
24/07/2025,"RESTAURANT LE PETIT ZINC","126,56",""
21/07/2025,"AMZN MKTP FR*2K4L99","76,13",""
17/07/2025,"AMZN DIGITAL","142,85",""
16/07/2025,"SNCF VOYAGEURS","28,55",""
14/07/2025,"PRELEVEMENT RECU - MERCI","-600,00",""
03/07/2025,"SPOTIFY STOCKHOLM","11,12",""
03/07/2025,"RESTAURANT LE PETIT ZINC","81,03",""
24/06/2025,"AMZN MKTP FR*2K4L99","43,52",""
21/06/2025,"FNAC PARIS","89,74",""
19/06/2025,"AMZN DIGITAL","76,12",""
18/06/2025,"AMAZON EU SARL","29,12",""
14/06/2025,"PRELEVEMENT RECU - MERCI","-600,00",""
05/06/2025,"FNAC PARIS","79,16",""
04/06/2025,"UBER EATS PARIS","138,45",""
03/06/2025,"SPOTIFY STOCKHOLM","11,12",""
24/05/2025,"AMZN MKTP FR*2K4L99","120,71",""
20/05/2025,"AMAZON PAYMENTS EUROPE","41,47",""
19/05/2025,"AMZN MKTP FR*2K4L99","21,52",""
17/05/2025,"UBER EATS PARIS","134,22",""
14/05/2025,"PRELEVEMENT RECU - MERCI","-600,00",""
08/05/2025,"AMZN DIGITAL","131,07",""
03/05/2025,"SPOTIFY STOCKHOLM","11,12",""
03/05/2025,"AMZN MKTP FR*2K4L99","106,04",""
16/04/2025,"SNCF VOYAGEURS","89,31",""
14/04/2025,"PRELEVEMENT RECU - MERCI","-600,00",""
07/04/2025,"FNAC PARIS","144,24",""
05/04/2025,"AMAZON EU SARL","71,20",""
04/04/2025,"AMZN DIGITAL","97,24",""
03/04/2025,"SPOTIFY STOCKHOLM","11,12",""
21/03/2025,"SNCF VOYAGEURS","90,37",""
20/03/2025,"FNAC PARIS","11,47",""
17/03/2025,"RESTAURANT LE PETIT ZINC","84,32",""
14/03/2025,"PRELEVEMENT RECU - MERCI","-600,00",""
13/03/2025,"AMZN MKTP FR*2K4L99","124,66",""
10/03/2025,"AMAZON EU SARL","111,54",""
03/03/2025,"SPOTIFY STOCKHOLM","11,12",""
02/03/2025,"SNCF VOYAGEURS","145,71",""
01/03/2025,"AMZN DIGITAL","111,16",""
26/02/2025,"AMZN MKTP FR*2K4L99","104,69",""
21/02/2025,"AMAZON EU SARL","95,36",""
20/02/2025,"UBER EATS PARIS","65,74",""
14/02/2025,"PRELEVEMENT RECU - MERCI","-600,00",""
11/02/2025,"RESTAURANT LE PETIT ZINC","50,04",""
08/02/2025,"AMAZON PAYMENTS EUROPE","144,63",""
06/02/2025,"AMAZON EU SARL","129,91",""
03/02/2025,"SPOTIFY STOCKHOLM","11,12",""
30/01/2025,"RESTAURANT LE PETIT ZINC","56,75",""
28/01/2025,"AMZN DIGITAL","17,87",""
27/01/2025,"UBER EATS PARIS","115,09",""
25/01/2025,"AMZN MKTP FR*2K4L99","130,26",""
21/01/2025,"AMZN MKTP FR*2K4L99","81,65",""
14/01/2025,"PRELEVEMENT RECU - MERCI","-600,00",""
04/01/2025,"SNCF VOYAGEURS","12,34",""
03/01/2025,"SPOTIFY STOCKHOLM","11,12",""
02/01/2025,"UBER EATS PARIS","134,85",""
