Téléchargement du 27/09/2026;

M. JEAN FICTIF;
Compte de Dépôt carte n° 99999999999;
Solde au 27/09/2026 1 234,56 €

Liste des opérations du compte entre le 01/10/2025 et le 27/09/2026;

Date;Libellé;Débit euros;Crédit euros;
26/09/2026;"VIR CPAM PARIS REMBOURSEMENT";;43,14;
19/09/2026;"CB CARREFOUR MARKET 19/09";40,29;;
16/09/2026;"VIR CPAM PARIS REMBOURSEMENT";;41,31;
15/09/2026;"RETRAIT DAB 15/09 PARIS 11";40,00;;
15/09/2026;"CB CARREFOUR MARKET 15/09";108,93;;
12/09/2026;"PRLV SEPA AMERICAN EXPRESS";600,00;;
10/09/2026;"CB CARREFOUR MARKET 10/09";113,71;;
08/09/2026;"VIR CPAM PARIS REMBOURSEMENT";;56,72;
08/09/2026;"CB CARREFOUR MARKET 08/09";74,37;;
08/09/2026;"PRLV SEPA EDF CLIENTS PARTICULIERS";85,00;;
05/09/2026;"CB CARREFOUR MARKET 05/09";70,93;;
05/09/2026;"PRLV SEPA FREE MOBILE
 FMPMT0926X77";24,99;;
04/09/2026;"RETRAIT DAB 04/09 PARIS 11";40,00;;
03/09/2026;"RETRAIT DAB 03/09 PARIS 11";40,00;;
02/09/2026;"RETRAIT DAB 02/09 PARIS 11";40,00;;
01/09/2026;"PRLV SEPA LOYER SCI DUPONT
 REF 88812345";950,00;;
30/08/2026;"CB CARREFOUR MARKET 30/08";21,84;;
28/08/2026;"VIR SALAIRE ACME SAS";;3200,00;
27/08/2026;"CB CARREFOUR MARKET 27/08";41,12;;
25/08/2026;"CB CARREFOUR MARKET 25/08";36,35;;
16/08/2026;"CB CARREFOUR MARKET 16/08";43,50;;
15/08/2026;"CB CARREFOUR MARKET 15/08";22,16;;
14/08/2026;"RETRAIT DAB 14/08 PARIS 11";40,00;;
12/08/2026;"PRLV SEPA AMERICAN EXPRESS";600,00;;
08/08/2026;"PRLV SEPA EDF CLIENTS PARTICULIERS";85,00;;
05/08/2026;"PRLV SEPA FREE MOBILE
 FMPMT0826X77";24,99;;
04/08/2026;"CB CARREFOUR MARKET 04/08";102,94;;
03/08/2026;"VIR CPAM PARIS REMBOURSEMENT";;36,92;
03/08/2026;"CB CARREFOUR MARKET 03/08";56,48;;
02/08/2026;"RETRAIT DAB 02/08 PARIS 11";40,00;;
01/08/2026;"PRLV SEPA LOYER SCI DUPONT
 REF 88812345";950,00;;
30/07/2026;"VIR CPAM PARIS REMBOURSEMENT";;10,94;
28/07/2026;"VIR SALAIRE ACME SAS";;3200,00;
20/07/2026;"CB CARREFOUR MARKET 20/07";106,12;;
18/07/2026;"CB CARREFOUR MARKET 18/07";114,91;;
15/07/2026;"CB CARREFOUR MARKET 15/07";64,21;;
12/07/2026;"CB CARREFOUR MARKET 12/07";37,15;;
12/07/2026;"PRLV SEPA AMERICAN EXPRESS";600,00;;
08/07/2026;"VIR CPAM PARIS REMBOURSEMENT";;37,77;
08/07/2026;"PRLV SEPA EDF CLIENTS PARTICULIERS";85,00;;
07/07/2026;"CB CARREFOUR MARKET 07/07";57,88;;
05/07/2026;"PRLV SEPA FREE MOBILE
 FMPMT0726X77";24,99;;
01/07/2026;"CB CARREFOUR MARKET 01/07";21,58;;
01/07/2026;"PRLV SEPA LOYER SCI DUPONT
 REF 88812345";950,00;;
28/06/2026;"VIR SALAIRE ACME SAS";;3200,00;
27/06/2026;"CB CARREFOUR MARKET 27/06";23,08;;
26/06/2026;"VIR CPAM PARIS REMBOURSEMENT";;49,05;
26/06/2026;"RETRAIT DAB 26/06 PARIS 11";40,00;;
23/06/2026;"RETRAIT DAB 23/06 PARIS 11";40,00;;
22/06/2026;"RETRAIT DAB 22/06 PARIS 11";40,00;;
19/06/2026;"CB CARREFOUR MARKET 19/06";55,54;;
18/06/2026;"CB CARREFOUR MARKET 18/06";100,52;;
14/06/2026;"CB CARREFOUR MARKET 14/06";41,07;;
12/06/2026;"CB CARREFOUR MARKET 12/06";64,41;;
12/06/2026;"PRLV SEPA AMERICAN EXPRESS";600,00;;
11/06/2026;"RETRAIT DAB 11/06 PARIS 11";40,00;;
10/06/2026;"CB CARREFOUR MARKET 10/06";85,64;;
08/06/2026;"PRLV SEPA EDF CLIENTS PARTICULIERS";85,00;;
05/06/2026;"PRLV SEPA FREE MOBILE
 FMPMT0626X77";24,99;;
03/06/2026;"CB CARREFOUR MARKET 03/06";77,81;;
02/06/2026;"RETRAIT DAB 02/06 PARIS 11";40,00;;
01/06/2026;"VIR CPAM PARIS REMBOURSEMENT";;29,96;
01/06/2026;"PRLV SEPA LOYER SCI DUPONT
 REF 88812345";950,00;;
30/05/2026;"CB CARREFOUR MARKET 30/05";66,63;;
29/05/2026;"CB CARREFOUR MARKET 29/05";46,08;;
28/05/2026;"RETRAIT DAB 28/05 PARIS 11";40,00;;
28/05/2026;"VIR SALAIRE ACME SAS";;3200,00;
27/05/2026;"CB CARREFOUR MARKET 27/05";81,84;;
22/05/2026;"RETRAIT DAB 22/05 PARIS 11";40,00;;
19/05/2026;"CB CARREFOUR MARKET 19/05";37,55;;
17/05/2026;"RETRAIT DAB 17/05 PARIS 11";40,00;;
17/05/2026;"CB CARREFOUR MARKET 17/05";77,58;;
15/05/2026;"CB CARREFOUR MARKET 15/05";37,82;;
14/05/2026;"CB CARREFOUR MARKET 14/05";70,63;;
12/05/2026;"PRLV SEPA AMERICAN EXPRESS";600,00;;
11/05/2026;"CB CARREFOUR MARKET 11/05";86,95;;
10/05/2026;"CB CARREFOUR MARKET 10/05";42,92;;
08/05/2026;"PRLV SEPA EDF CLIENTS PARTICULIERS";85,00;;
05/05/2026;"PRLV SEPA FREE MOBILE
 FMPMT0526X77";24,99;;
04/05/2026;"CB CARREFOUR MARKET 04/05";30,52;;
01/05/2026;"PRLV SEPA LOYER SCI DUPONT
 REF 88812345";950,00;;
28/04/2026;"VIR SALAIRE ACME SAS";;3200,00;
27/04/2026;"RETRAIT DAB 27/04 PARIS 11";40,00;;
26/04/2026;"CB CARREFOUR MARKET 26/04";47,27;;
19/04/2026;"CB CARREFOUR MARKET 19/04";22,05;;
18/04/2026;"CB CARREFOUR MARKET 18/04";114,84;;
14/04/2026;"RETRAIT DAB 14/04 PARIS 11";40,00;;
13/04/2026;"CB CARREFOUR MARKET 13/04";56,33;;
12/04/2026;"PRLV SEPA AMERICAN EXPRESS";600,00;;
08/04/2026;"CB CARREFOUR MARKET 08/04";99,34;;
08/04/2026;"PRLV SEPA EDF CLIENTS PARTICULIERS";85,00;;
07/04/2026;"RETRAIT DAB 07/04 PARIS 11";40,00;;
07/04/2026;"CB CARREFOUR MARKET 07/04";110,38;;
06/04/2026;"CB CARREFOUR MARKET 06/04";64,89;;
05/04/2026;"CB CARREFOUR MARKET 05/04";52,85;;
05/04/2026;"PRLV SEPA FREE MOBILE
 FMPMT0426X77";24,99;;
04/04/2026;"RETRAIT DAB 04/04 PARIS 11";40,00;;
02/04/2026;"CB CARREFOUR MARKET 02/04";29,05;;
01/04/2026;"CB CARREFOUR MARKET 01/04";32,30;;
01/04/2026;"PRLV SEPA LOYER SCI DUPONT
 REF 88812345";950,00;;
30/03/2026;"CB CARREFOUR MARKET 30/03";50,74;;
28/03/2026;"VIR CPAM PARIS REMBOURSEMENT";;27,55;
28/03/2026;"CB CARREFOUR MARKET 28/03";106,48;;
28/03/2026;"VIR SALAIRE ACME SAS";;3200,00;
25/03/2026;"CB CARREFOUR MARKET 25/03";56,73;;
21/03/2026;"CB CARREFOUR MARKET 21/03";36,02;;
14/03/2026;"VIR CPAM PARIS REMBOURSEMENT";;34,36;
13/03/2026;"RETRAIT DAB 13/03 PARIS 11";40,00;;
13/03/2026;"CB CARREFOUR MARKET 13/03";25,81;;
12/03/2026;"PRLV SEPA AMERICAN EXPRESS";600,00;;
11/03/2026;"CB CARREFOUR MARKET 11/03";30,33;;
08/03/2026;"PRLV SEPA EDF CLIENTS PARTICULIERS";85,00;;
07/03/2026;"RETRAIT DAB 07/03 PARIS 11";40,00;;
06/03/2026;"CB CARREFOUR MARKET 06/03";77,78;;
05/03/2026;"PRLV SEPA FREE MOBILE
 FMPMT0326X77";24,99;;
04/03/2026;"RETRAIT DAB 04/03 PARIS 11";40,00;;
01/03/2026;"PRLV SEPA LOYER SCI DUPONT
 REF 88812345";950,00;;
28/02/2026;"CB CARREFOUR MARKET 28/02";85,72;;
28/02/2026;"VIR SALAIRE ACME SAS";;3200,00;
25/02/2026;"CB CARREFOUR MARKET 25/02";42,52;;
24/02/2026;"CB CARREFOUR MARKET 24/02";83,72;;
23/02/2026;"RETRAIT DAB 23/02 PARIS 11";40,00;;
23/02/2026;"CB CARREFOUR MARKET 23/02";66,49;;
21/02/2026;"CB CARREFOUR MARKET 21/02";94,59;;
18/02/2026;"RETRAIT DAB 18/02 PARIS 11";40,00;;
16/02/2026;"CB CARREFOUR MARKET 16/02";91,70;;
15/02/2026;"PRLV SEPA NETFLIX.COM";13,49;;
14/02/2026;"CB CARREFOUR MARKET 14/02";30,00;;
12/02/2026;"CB CARREFOUR MARKET 12/02";60,22;;
12/02/2026;"PRLV SEPA AMERICAN EXPRESS";600,00;;
11/02/2026;"RETRAIT DAB 11/02 PARIS 11";40,00;;
08/02/2026;"PRLV SEPA EDF CLIENTS PARTICULIERS";85,00;;
05/02/2026;"PRLV SEPA FREE MOBILE
 FMPMT0226X77";24,99;;
04/02/2026;"CB CARREFOUR MARKET 04/02";108,41;;
01/02/2026;"PRLV SEPA LOYER SCI DUPONT
 REF 88812345";950,00;;
31/01/2026;"CB CARREFOUR MARKET 31/01";99,47;;
28/01/2026;"CB CARREFOUR MARKET 28/01";22,92;;
28/01/2026;"VIR SALAIRE ACME SAS";;3200,00;
27/01/2026;"CB CARREFOUR MARKET 27/01";117,46;;
25/01/2026;"CB CARREFOUR MARKET 25/01";102,96;;
20/01/2026;"VIR CPAM PARIS REMBOURSEMENT";;12,34;
18/01/2026;"RETRAIT DAB 18/01 PARIS 11";40,00;;
15/01/2026;"PRLV SEPA NETFLIX.COM";13,49;;
12/01/2026;"PRLV SEPA AMERICAN EXPRESS";600,00;;
08/01/2026;"PRLV SEPA EDF CLIENTS PARTICULIERS";85,00;;
05/01/2026;"PRLV SEPA FREE MOBILE
 FMPMT0126X77";24,99;;
04/01/2026;"CB CARREFOUR MARKET 04/01";19,53;;
03/01/2026;"CB CARREFOUR MARKET 03/01";98,46;;
01/01/2026;"VIR CPAM PARIS REMBOURSEMENT";;19,25;
01/01/2026;"PRLV SEPA LOYER SCI DUPONT
 REF 88812345";950,00;;
31/12/2025;"CB CARREFOUR MARKET 31/12";108,14;;
30/12/2025;"CB CARREFOUR MARKET 30/12";46,01;;
29/12/2025;"VIR CPAM PARIS REMBOURSEMENT";;10,44;
28/12/2025;"VIR SALAIRE ACME SAS";;3200,00;
27/12/2025;"RETRAIT DAB 27/12 PARIS 11";40,00;;
27/12/2025;"CB CARREFOUR MARKET 27/12";45,67;;
26/12/2025;"RETRAIT DAB 26/12 PARIS 11";40,00;;
21/12/2025;"CB CARREFOUR MARKET 21/12";30,37;;
18/12/2025;"CB CARREFOUR MARKET 18/12";40,28;;
15/12/2025;"PRLV SEPA NETFLIX.COM";13,49;;
12/12/2025;"PRLV SEPA AMERICAN EXPRESS";600,00;;
11/12/2025;"RETRAIT DAB 11/12 PARIS 11";40,00;;
10/12/2025;"CB CARREFOUR MARKET 10/12";26,68;;
08/12/2025;"PRLV SEPA EDF CLIENTS PARTICULIERS";85,00;;
05/12/2025;"PRLV SEPA FREE MOBILE
 FMPMT1225X77";19,99;;
01/12/2025;"PRLV SEPA LOYER SCI DUPONT
 REF 88812345";950,00;;
28/11/2025;"VIR SALAIRE ACME SAS";;3200,00;
26/11/2025;"VIR CPAM PARIS REMBOURSEMENT";;48,24;
22/11/2025;"CB CARREFOUR MARKET 22/11";109,83;;
20/11/2025;"CB CARREFOUR MARKET 20/11";118,87;;
19/11/2025;"RETRAIT DAB 19/11 PARIS 11";40,00;;
17/11/2025;"CB CARREFOUR MARKET 17/11";68,78;;
15/11/2025;"PRLV SEPA NETFLIX.COM";13,49;;
13/11/2025;"CB CARREFOUR MARKET 13/11";97,99;;
12/11/2025;"PRLV SEPA AMERICAN EXPRESS";600,00;;
11/11/2025;"CB CARREFOUR MARKET 11/11";26,33;;
10/11/2025;"CB CARREFOUR MARKET 10/11";31,87;;
08/11/2025;"PRLV SEPA EDF CLIENTS PARTICULIERS";85,00;;
07/11/2025;"CB CARREFOUR MARKET 07/11";109,73;;
05/11/2025;"PRLV SEPA FREE MOBILE
 FMPMT1125X77";19,99;;
04/11/2025;"CB CARREFOUR MARKET 04/11";76,88;;
01/11/2025;"PRLV SEPA LOYER SCI DUPONT
 REF 88812345";950,00;;
30/10/2025;"CB CARREFOUR MARKET 30/10";30,51;;
28/10/2025;"VIR SALAIRE ACME SAS";;3200,00;
27/10/2025;"CB CARREFOUR MARKET 27/10";33,19;;
25/10/2025;"CB CARREFOUR MARKET 25/10";37,51;;
22/10/2025;"CB CARREFOUR MARKET 22/10";32,62;;
16/10/2025;"CB CARREFOUR MARKET 16/10";111,95;;
15/10/2025;"CB CARREFOUR MARKET 15/10";54,13;;
15/10/2025;"PRLV SEPA NETFLIX.COM";13,49;;
14/10/2025;"RETRAIT DAB 14/10 PARIS 11";40,00;;
13/10/2025;"CB CARREFOUR MARKET 13/10";66,67;;
12/10/2025;"PRLV SEPA AMERICAN EXPRESS";600,00;;
10/10/2025;"CB CARREFOUR MARKET 10/10";77,67;;
09/10/2025;"RETRAIT DAB 09/10 PARIS 11";40,00;;
08/10/2025;"CB CARREFOUR MARKET 08/10";29,62;;
08/10/2025;"PRLV SEPA EDF CLIENTS PARTICULIERS";85,00;;
07/10/2025;"CB CARREFOUR MARKET 07/10";75,83;;
05/10/2025;"PRLV SEPA FREE MOBILE
 FMPMT1025X77";19,99;;
03/10/2025;"CB CARREFOUR MARKET 03/10";100,78;;
01/10/2025;"PRLV SEPA LOYER SCI DUPONT
 REF 88812345";950,00;;
